{
  "spawn": {
    "x": 40.85053608749158,
    "y": 156.0,
    "z": -63.14345073117071,
    "rotationYaw": -17.435621,
    "rotationPitch": -6.4356875,
    "dimension": 0
  }
}