{
  "homes": {
    "home": {
      "x": 4193.095943541751,
      "y": 160.0,
      "z": -4447.1518534026,
      "rotationYaw": 133.74841,
      "rotationPitch": 21.801117,
      "dimension": 0
    }
  }
}