{
  "uuid": "4ae31acb-42df-470a-be8e-4536bdec8105",
  "username": "ClaudiusMinimus",
  "data": {
    "last_location": {
      "x": 41.10837154291057,
      "y": 156.0,
      "z": -62.86778500930947,
      "rotationYaw": -164.62573,
      "rotationPitch": -0.14283189,
      "dimension": 0
    },
    "last_death": 0,
    "death_count": 0
  },
  "last_usage": {
    "command": {
      "spawn": 1598567862,
      "back": 1598567750,
      "home": 1598567871
    },
    "kit": {
      "tools": 1598540762
    },
    "teleport": {
      "spawn": 1598567866,
      "back": 1598567753
    },
    "other": {}
  },
  "restrictions": {},
  "custom_data": {}
}